,rating
0,9
1,9
2,8
3,8
4,8
5,8
6,8
7,8
8,9
9,9
10,8
11,8
12,8
13,8
14,8
15,8
16,8
17,8
18,8
19,8
20,7
21,8
22,8
23,8
24,9
25,8
26,8
27,8
28,8
29,8
30,7
31,8
32,9
33,8
34,8
35,8
36,8
37,8
38,8
39,8
40,8
41,8
42,8
43,8
44,8
45,8
46,7
47,7
48,8
49,8
50,8
51,8
52,8
53,8
54,8
55,8
56,8
57,8
58,8
59,8
60,7
61,8
62,8
63,8
64,8
65,8
66,7
67,8
68,8
69,8
70,8
71,8
72,7
73,7
74,8
75,8
76,8
77,8
78,7
79,8
80,8
81,7
82,8
83,8
84,7
85,7
86,8
87,8
88,8
89,8
90,7
91,6
92,8
93,7
94,8
95,7
96,7
97,8
98,7
99,7
100,6
101,7
102,7
103,8
104,7
105,7
106,8
107,6
108,8
109,7
110,8
111,8
112,8
113,7
114,8
115,7
116,8
117,8
118,8
119,8
120,7
121,7
122,8
123,7
124,8
125,7
126,8
127,8
128,6
129,7
130,8
131,8
132,8
133,8
134,8
135,7
136,8
137,7
138,6
139,8
140,8
141,7
142,7
143,7
144,8
145,7
146,7
147,6
148,8
149,9
150,7
151,7
152,7
153,8
154,8
155,7
156,7
157,8
158,7
159,7
160,7
161,8
162,8
163,7
164,8
165,7
166,7
167,8
168,7
169,6
170,8
171,8
172,7
173,8
174,6
175,8
176,7
177,7
178,7
179,7
180,7
181,7
182,7
183,8
184,8
185,7
186,8
187,7
188,7
189,7
190,7
191,7
192,7
193,7
194,8
195,7
196,7
197,7
198,7
199,7
200,7
201,7
202,8
203,6
204,8
205,6
206,8
207,7
208,7
209,6
210,7
211,7
212,6
213,7
214,8
215,8
216,6
217,7
218,6
219,7
220,7
221,6
222,7
223,7
224,7
225,7
226,7
227,6
228,7
229,8
230,7
231,8
232,7
233,6
234,7
235,8
236,8
237,6
238,5
239,7
240,6
241,7
242,8
243,8
244,6
245,7
246,7
247,7
248,8
249,6
250,7
251,6
252,6
253,8
254,6
255,7
256,8
257,6
258,7
259,7
260,7
261,7
262,6
263,6
264,6
265,6
266,7
267,7
268,7
269,7
270,5
271,6
272,7
273,7
274,6
275,6
276,7
277,8
278,7
279,7
280,7
281,7
282,7
283,8
284,7
285,7
286,6
287,7
288,7
289,8
290,7
291,7
292,6
293,6
294,8
295,7
296,7
297,7
298,6
299,7
300,6
301,6
302,6
303,7
304,7
305,6
306,7
307,7
308,7
309,7
310,6
311,7
312,7
313,7
314,6
315,8
316,7
317,7
318,6
319,7
320,7
321,7
322,8
323,7
324,7
325,7
326,8
327,8
328,7
329,7
330,7
331,7
332,7
333,6
334,6
335,6
336,7
337,7
338,6
339,7
340,8
341,7
342,7
343,5
344,7
345,7
346,7
347,7
348,7
349,7
350,7
351,7
352,6
353,7
354,8
355,8
356,7
357,7
358,7
359,8
360,6
361,7
362,7
363,7
364,6
365,7
366,6
367,8
368,6
369,6
370,8
371,8
372,7
373,7
374,6
375,6
376,6
377,7
378,7
379,7
380,7
381,7
382,5
383,6
384,7
385,7
386,7
387,7
388,6
389,6
390,6
391,7
392,7
393,7
394,8
395,7
396,6
397,7
398,6
399,7
400,7
401,7
402,7
403,7
404,8
405,7
406,7
407,7
408,7
409,7
410,8
411,7
412,8
413,7
414,6
415,7
416,6
417,7
418,6
419,6
420,7
421,7
422,6
423,6
424,7
425,7
426,7
427,7
428,8
429,7
430,8
431,7
432,6
433,7
434,6
435,6
436,6
437,7
438,7
439,6
440,7
441,7
442,6
443,6
444,7
445,7
446,7
447,6
448,7
449,5
450,7
451,6
452,8
453,7
454,6
455,7
456,7
457,7
458,7
459,7
460,6
461,7
462,7
463,6
464,7
465,7
466,7
467,7
468,8
469,7
470,6
471,7
472,8
473,7
474,7
475,5
476,8
477,7
478,6
479,6
480,6
481,7
482,6
483,7
484,6
485,7
486,6
487,7
488,7
489,7
490,5
491,5
492,7
493,6
494,7
495,7
496,7
497,7
498,8
499,4
500,8
501,7
502,7
503,7
504,6
505,8
506,4
507,5
508,6
509,7
510,7
511,7
512,6
513,6
514,7
515,7
516,7
517,7
518,6
519,6
520,7
521,8
522,8
523,8
524,7
525,8
526,6
527,8
528,7
529,7
530,7
531,5
532,7
533,6
534,6
535,7
536,6
537,5
538,6
539,6
540,6
541,6
542,7
543,8
544,7
545,6
546,6
547,7
548,7
549,7
550,6
551,7
552,7
553,7
554,6
555,7
556,6
557,7
558,6
559,8
560,7
561,6
562,7
563,7
564,7
565,7
566,7
567,6
568,6
569,7
570,6
571,6
572,5
573,6
574,6
575,7
576,6
577,7
578,6
579,7
580,6
581,7
582,5
583,7
584,6
585,7
586,7
587,6
588,6
589,7
590,7
591,7
592,6
593,7
594,6
595,6
596,6
597,6
598,7
599,7
600,8
601,7
602,6
603,6
604,7
605,7
606,7
607,7
608,8
609,8
610,6
611,7
612,5
613,8
614,6
615,7
616,7
617,7
618,5
619,7
620,6
621,7
622,7
623,7
624,7
625,7
626,3
627,7
628,6
629,7
630,7
631,7
632,7
633,7
634,7
635,7
636,6
637,7
638,7
639,6
640,7
641,6
642,7
643,6
644,7
645,6
646,7
647,6
648,7
649,8
650,6
651,7
652,5
653,7
654,6
655,6
656,7
657,6
658,7
659,5
660,6
661,6
662,6
663,7
664,7
665,6
666,7
667,8
668,6
669,6
670,6
671,5
672,4
673,8
674,7
675,7
676,7
677,6
678,7
679,5
680,6
681,7
682,7
683,6
684,7
685,7
686,6
687,7
688,7
689,7
690,6
691,7
692,7
693,6
694,5
695,7
696,6
697,7
698,7
699,7
700,6
701,7
702,6
703,5
704,7
705,7
706,6
707,8
708,8
709,7
710,7
711,5
712,7
713,7
714,7
715,6
716,8
717,7
718,7
719,6
720,6
721,6
722,6
723,7
724,7
725,6
726,6
727,6
728,7
729,6
730,8
731,7
732,8
733,6
734,7
735,6
736,6
737,6
738,7
739,6
740,6
741,7
742,7
743,8
744,7
745,6
746,7
747,8
748,7
749,6
750,8
751,7
752,7
753,8
754,7
755,8
756,6
757,5
758,6
759,6
760,6
761,7
762,7
763,6
764,5
765,8
766,7
767,6
768,6
769,6
770,6
771,7
772,6
773,7
774,5
775,6
776,7
777,7
778,6
779,6
780,7
781,7
782,8
783,6
784,7
785,6
786,6
787,7
788,5
789,6
790,7
791,6
792,7
793,8
794,6
795,6
796,6
797,6
798,4
799,6
800,6
801,8
802,7
803,6
804,8
805,6
806,5
807,7
808,6
809,6
810,6
811,5
812,6
813,6
814,7
815,6
816,6
817,7
818,7
819,5
820,7
821,6
822,8
823,7
824,7
825,6
826,7
827,5
828,7
829,6
830,7
831,7
832,8
833,6
834,8
835,6
836,5
837,8
838,6
839,6
840,6
841,7
842,7
843,7
844,6
845,7
846,6
847,8
848,6
849,6
850,6
851,7
852,7
853,6
854,8
855,6
856,7
857,6
858,7
859,7
860,7
861,7
862,6
863,7
864,8
865,6
866,8
867,7
868,7
869,7
870,6
871,6
872,6
873,7
874,6
875,6
876,6
877,5
878,7
879,7
880,6
881,6
882,6
883,6
884,7
885,7
886,5
887,7
888,6
889,7
890,7
891,6
892,6
893,6
894,7
895,7
896,7
897,7
898,5
899,7
900,6
901,7
902,7
903,7
904,8
905,6
906,7
907,5
908,6
909,7
910,7
911,7
912,7
913,6
914,7
915,7
916,5
917,7
918,6
919,6
920,7
921,7
922,5
923,7
924,6
925,6
926,7
927,7
928,8
929,6
930,8
931,7
932,7
933,5
934,6
935,5
936,6
937,7
938,7
939,7
940,7
941,5
942,5
943,7
944,7
945,7
946,6
947,6
948,6
949,5
950,6
951,7
952,8
953,7
954,6
955,7
956,7
957,8
958,6
959,6
960,6
961,6
962,7
963,6
964,7
965,7
966,7
967,6
968,6
969,8
970,7
971,7
972,5
973,6
974,6
975,6
976,7
977,7
978,7
979,6
980,6
981,7
982,7
983,7
984,7
985,7
986,7
987,7
988,7
989,7
990,6
991,6
992,6
993,6
994,5
995,7
996,6
997,6
998,7
999,7
1000,7
1001,6
1002,7
1003,6
1004,7
1005,8
1006,7
1007,5
1008,7
1009,6
1010,6
1011,6
1012,6
1013,6
1014,6
1015,6
1016,6
1017,6
1018,4
1019,7
1020,7
1021,7
1022,5
1023,7
1024,7
1025,6
1026,6
1027,8
1028,7
1029,7
1030,6
1031,7
1032,6
1033,7
1034,6
1035,6
1036,6
1037,7
1038,7
1039,6
1040,6
1041,6
1042,7
1043,6
1044,7
1045,7
1046,6
1047,7
1048,7
1049,6
1050,6
1051,6
1052,6
1053,6
1054,6
1055,6
1056,6
1057,6
1058,6
1059,6
1060,6
1061,6
1062,6
1063,7
1064,6
1065,7
1066,7
1067,6
1068,7
1069,6
1070,7
1071,7
1072,6
1073,6
1074,6
1075,7
1076,7
1077,7
1078,6
1079,7
1080,6
1081,6
1082,6
1083,8
1084,6
1085,6
1086,6
1087,7
1088,6
1089,7
1090,8
1091,6
1092,6
1093,7
1094,6
1095,5
1096,5
1097,5
1098,6
1099,6
1100,7
1101,7
1102,6
1103,8
1104,4
1105,7
1106,7
1107,7
1108,7
1109,7
1110,5
1111,6
1112,7
1113,6
1114,6
1115,7
1116,6
1117,7
1118,6
1119,6
1120,5
1121,7
1122,7
1123,7
1124,7
1125,5
1126,7
1127,6
1128,5
1129,5
1130,7
1131,7
1132,7
1133,7
1134,6
1135,7
1136,7
1137,6
1138,6
1139,6
1140,6
1141,7
1142,7
1143,6
1144,6
1145,7
1146,6
1147,8
1148,5
1149,8
1150,7
1151,7
1152,6
1153,6
1154,8
1155,7
1156,7
1157,6
1158,8
1159,7
1160,6
1161,6
1162,6
1163,7
1164,7
1165,6
1166,6
1167,8
1168,8
1169,7
1170,6
1171,5
1172,7
1173,6
1174,7
1175,7
1176,5
1177,7
1178,6
1179,5
1180,7
1181,6
1182,5
1183,7
1184,7
1185,6
1186,6
1187,6
1188,7
1189,7
1190,4
1191,6
1192,6
1193,8
1194,6
1195,6
1196,8
1197,5
1198,6
1199,6
1200,5
1201,6
1202,7
1203,5
1204,5
1205,8
1206,6
1207,7
1208,5
1209,6
1210,6
1211,7
1212,5
1213,7
1214,8
1215,7
1216,7
1217,5
1218,6
1219,6
1220,6
1221,6
1222,6
1223,6
1224,7
1225,6
1226,6
1227,8
1228,6
1229,8
1230,7
1231,7
1232,7
1233,7
1234,7
1235,6
1236,6
1237,6
1238,7
1239,5
1240,6
1241,7
1242,6
1243,7
1244,6
1245,7
1246,7
1247,7
1248,7
1249,5
1250,6
1251,6
1252,7
1253,6
1254,7
1255,6
1256,6
1257,6
1258,5
1259,6
1260,7
1261,5
1262,7
1263,6
1264,6
1265,8
1266,8
1267,5
1268,7
1269,7
1270,6
1271,7
1272,7
1273,6
1274,5
1275,5
1276,7
1277,8
1278,6
1279,6
1280,5
1281,7
1282,6
1283,7
1284,6
1285,5
1286,6
1287,7
1288,6
1289,5
1290,6
1291,6
1292,6
1293,7
1294,7
1295,8
1296,6
1297,7
1298,7
1299,5
1300,6
1301,6
1302,4
1303,7
1304,8
1305,7
1306,8
1307,7
1308,7
1309,5
1310,5
1311,7
1312,7
1313,7
1314,7
1315,5
1316,7
1317,8
1318,7
1319,7
1320,5
1321,8
1322,6
1323,6
1324,7
1325,5
1326,6
1327,7
1328,7
1329,5
1330,5
1331,6
1332,7
1333,7
1334,7
1335,6
1336,7
1337,6
1338,7
1339,7
1340,6
1341,7
1342,7
1343,8
1344,5
1345,6
1346,6
1347,6
1348,5
1349,8
1350,5
1351,7
1352,6
1353,6
1354,6
1355,6
1356,5
1357,7
1358,7
1359,7
1360,7
1361,7
1362,7
1363,8
1364,7
1365,6
1366,7
1367,7
1368,7
1369,5
1370,6
1371,6
1372,7
1373,6
1374,7
1375,6
1376,7
1377,7
1378,7
1379,6
1380,6
1381,6
1382,5
1383,8
1384,6
1385,6
1386,6
1387,7
1388,6
1389,7
1390,7
1391,6
1392,6
1393,6
1394,5
1395,6
1396,6
1397,6
1398,6
1399,7
1400,6
1401,7
1402,7
1403,7
1404,4
1405,5
1406,7
1407,6
1408,7
1409,7
1410,7
1411,5
1412,5
1413,7
1414,7
1415,7
1416,7
1417,6
1418,5
1419,6
1420,7
1421,8
1422,5
1423,7
1424,6
1425,6
1426,5
1427,7
1428,6
1429,7
1430,7
1431,7
1432,6
1433,6
1434,6
1435,7
1436,6
1437,7
1438,7
1439,5
1440,6
1441,7
1442,7
1443,7
1444,6
1445,7
1446,8
1447,6
1448,6
1449,7
1450,7
1451,2
1452,6
1453,7
1454,5
1455,6
1456,5
1457,5
1458,7
1459,7
1460,7
1461,7
1462,5
1463,6
1464,5
1465,8
1466,6
1467,7
1468,7
1469,7
1470,6
1471,5
1472,2
1473,5
1474,7
1475,7
1476,6
1477,7
1478,5
1479,6
1480,6
1481,5
1482,6
1483,6
1484,6
1485,7
1486,6
1487,6
1488,7
1489,6
1490,6
1491,6
1492,6
1493,6
1494,6
1495,4
1496,7
1497,7
1498,6
1499,6
1500,3
1501,6
1502,6
1503,7
1504,8
1505,7
1506,6
1507,7
1508,7
1509,6
1510,6
1511,6
1512,7
1513,6
1514,6
1515,7
1516,6
1517,6
1518,5
1519,5
1520,6
1521,6
1522,6
1523,7
1524,6
1525,7
1526,7
1527,6
1528,7
1529,6
1530,6
1531,6
1532,7
1533,6
1534,7
1535,6
1536,6
1537,7
1538,7
1539,6
1540,6
1541,5
1542,7
1543,6
1544,6
1545,6
1546,7
1547,6
1548,5
1549,7
1550,5
1551,7
1552,6
1553,6
1554,8
1555,6
1556,7
1557,6
1558,7
1559,7
1560,6
1561,5
1562,6
1563,6
1564,8
1565,7
1566,5
1567,5
1568,7
1569,5
1570,6
1571,7
1572,6
1573,7
1574,6
1575,5
1576,6
1577,5
1578,6
1579,7
1580,6
1581,7
1582,5
1583,7
1584,6
1585,6
1586,8
1587,6
1588,7
1589,6
1590,6
1591,6
1592,5
1593,7
1594,5
1595,7
1596,6
1597,7
1598,6
1599,6
1600,5
1601,6
1602,6
1603,7
1604,6
1605,5
1606,7
1607,6
1608,5
1609,7
1610,7
1611,8
1612,6
1613,7
1614,5
1615,6
1616,7
1617,6
1618,6
1619,5
1620,6
1621,6
1622,7
1623,7
1624,7
1625,5
1626,5
1627,5
1628,7
1629,5
1630,6
1631,6
1632,6
1633,7
1634,6
1635,7
1636,5
1637,5
1638,6
1639,8
1640,6
1641,8
1642,6
1643,6
1644,6
1645,5
1646,7
1647,6
1648,5
1649,7
1650,7
1651,7
1652,7
1653,7
1654,7
1655,6
1656,6
1657,8
1658,4
1659,5
1660,7
1661,6
1662,6
1663,6
1664,6
1665,6
1666,7
1667,5
1668,8
1669,7
1670,7
1671,6
1672,7
1673,7
1674,7
1675,5
1676,6
1677,6
1678,6
1679,6
1680,6
1681,6
1682,6
1683,5
1684,6
1685,8
1686,7
1687,7
1688,7
1689,6
1690,6
1691,6
1692,7
1693,7
1694,8
1695,6
1696,5
1697,5
1698,7
1699,4
1700,6
1701,7
1702,6
1703,7
1704,6
1705,7
1706,7
1707,6
1708,6
1709,6
1710,6
1711,7
1712,7
1713,7
1714,5
1715,5
1716,6
1717,6
1718,4
1719,6
1720,7
1721,6
1722,6
1723,7
1724,7
1725,7
1726,7
1727,7
1728,6
1729,5
1730,7
1731,6
1732,6
1733,7
1734,6
1735,6
1736,8
1737,5
1738,5
1739,6
1740,5
1741,7
1742,7
1743,6
1744,4
1745,5
1746,6
1747,7
1748,6
1749,5
1750,5
1751,1
1752,6
1753,6
1754,6
1755,7
1756,6
1757,6
1758,5
1759,5
1760,7
1761,6
1762,7
1763,7
1764,7
1765,6
1766,6
1767,5
1768,5
1769,5
1770,6
1771,6
1772,6
1773,5
1774,7
1775,6
1776,8
1777,6
1778,7
1779,6
1780,7
1781,7
1782,7
1783,7
1784,7
1785,4
1786,6
1787,7
1788,7
1789,7
1790,7
1791,6
1792,7
1793,7
1794,6
1795,6
1796,8
1797,5
1798,6
1799,6
1800,6
1801,6
1802,5
1803,7
1804,5
1805,7
1806,6
1807,6
1808,8
1809,6
1810,6
1811,7
1812,7
1813,7
1814,7
1815,7
1816,7
1817,6
1818,7
1819,7
1820,5
1821,7
1822,7
1823,7
1824,6
1825,7
1826,7
1827,5
1828,7
1829,6
1830,5
1831,7
1832,6
1833,6
1834,4
1835,7
1836,5
1837,8
1838,7
1839,6
1840,7
1841,6
1842,7
1843,6
1844,7
1845,5
1846,6
1847,6
1848,5
1849,4
1850,7
1851,7
1852,6
1853,7
1854,6
1855,5
1856,8
1857,8
1858,6
1859,7
1860,6
1861,7
1862,5
1863,7
1864,6
1865,8
1866,6
1867,6
1868,6
1869,7
1870,7
1871,6
1872,7
1873,6
1874,7
1875,6
1876,7
1877,6
1878,5
1879,6
1880,7
1881,6
1882,6
1883,6
1884,6
1885,6
1886,7
1887,7
1888,5
1889,6
1890,5
1891,5
1892,5
1893,7
1894,8
1895,6
1896,6
1897,7
1898,7
1899,7
1900,6
1901,6
1902,7
1903,6
1904,5
1905,6
1906,6
1907,6
1908,6
1909,7
1910,6
1911,7
1912,8
1913,7
1914,7
1915,6
1916,7
1917,6
1918,6
1919,6
1920,5
1921,5
1922,5
1923,7
1924,5
1925,7
1926,6
1927,5
1928,6
1929,8
1930,6
1931,5
1932,7
1933,7
1934,5
1935,6
1936,6
1937,8
1938,5
1939,5
1940,5
1941,8
1942,7
1943,7
1944,5
1945,5
1946,7
1947,7
1948,6
1949,7
1950,8
1951,6
1952,7
1953,6
1954,7
1955,7
1956,5
1957,6
1958,5
1959,7
1960,5
1961,7
1962,5
1963,7
1964,2
1965,5
1966,6
1967,6
1968,6
1969,7
1970,6
1971,5
1972,5
1973,7
1974,6
1975,6
1976,8
1977,6
1978,7
1979,8
1980,7
1981,6
1982,6
1983,6
1984,7
1985,6
1986,6
1987,8
1988,6
1989,6
1990,7
1991,7
1992,7
1993,6
1994,7
1995,6
1996,6
1997,7
1998,5
1999,6
2000,6
2001,8
2002,7
2003,6
2004,5
2005,7
2006,7
2007,7
2008,6
2009,7
2010,6
2011,5
2012,6
2013,8
2014,7
2015,6
2016,5
2017,6
2018,5
2019,5
2020,6
2021,5
2022,5
2023,7
2024,7
2025,7
2026,6
2027,7
2028,7
2029,5
2030,7
2031,7
2032,5
2033,6
2034,8
2035,5
2036,6
2037,8
2038,7
2039,8
2040,6
2041,6
2042,6
2043,6
2044,8
2045,7
2046,5
2047,7
2048,5
2049,6
2050,7
2051,6
2052,6
2053,5
2054,8
2055,7
2056,6
2057,5
2058,5
2059,7
2060,7
2061,8
2062,8
2063,5
2064,6
2065,5
2066,6
2067,5
2068,7
2069,5
2070,6
2071,6
2072,5
2073,5
2074,5
2075,7
2076,6
2077,6
2078,6
2079,6
2080,6
2081,7
2082,6
2083,7
2084,6
2085,7
2086,8
2087,6
2088,5
2089,7
2090,6
2091,7
2092,6
2093,6
2094,5
2095,6
2096,7
2097,6
2098,7
2099,6
2100,5
2101,6
2102,7
2103,7
2104,5
2105,4
2106,7
2107,7
2108,7
2109,7
2110,6
2111,5
2112,6
2113,6
2114,3
2115,6
2116,6
2117,6
2118,5
2119,6
2120,5
2121,6
2122,6
2123,6
2124,7
2125,7
2126,7
2127,6
2128,6
2129,5
2130,3
2131,7
2132,6
2133,5
2134,7
2135,6
2136,5
2137,6
2138,6
2139,6
2140,6
2141,7
2142,6
2143,5
2144,7
2145,7
2146,6
2147,6
2148,6
2149,8
2150,6
2151,7
2152,4
2153,6
2154,6
2155,7
2156,7
2157,7
2158,5
2159,6
2160,7
2161,5
2162,5
2163,6
2164,6
2165,5
2166,6
2167,6
2168,6
2169,7
2170,7
2171,6
2172,6
2173,6
2174,5
2175,7
2176,6
2177,4
2178,6
2179,6
2180,6
2181,6
2182,6
2183,5
2184,7
2185,5
2186,6
2187,7
2188,5
2189,6
2190,6
2191,6
2192,6
2193,6
2194,7
2195,5
2196,5
2197,7
2198,6
2199,5
2200,5
2201,6
2202,6
2203,7
2204,7
2205,6
2206,7
2207,7
2208,6
2209,7
2210,5
2211,6
2212,5
2213,7
2214,8
2215,5
2216,4
2217,7
2218,6
2219,6
2220,6
2221,5
2222,5
2223,6
2224,6
2225,6
2226,6
2227,6
2228,6
2229,6
2230,7
2231,6
2232,7
2233,6
2234,7
2235,7
2236,6
2237,7
2238,6
2239,6
2240,7
2241,2
2242,6
2243,6
2244,6
2245,8
2246,5
2247,5
2248,6
2249,5
2250,6
2251,7
2252,6
2253,7
2254,6
2255,6
2256,7
2257,6
2258,6
2259,6
2260,7
2261,6
2262,6
2263,7
2264,6
2265,6
2266,7
2267,7
2268,7
2269,6
2270,7
2271,6
2272,6
2273,7
2274,4
2275,7
2276,6
2277,7
2278,7
2279,7
2280,6
2281,6
2282,6
2283,6
2284,7
2285,6
2286,6
2287,6
2288,6
2289,7
2290,6
2291,6
2292,5
2293,7
2294,6
2295,6
2296,7
2297,7
2298,6
2299,5
2300,6
2301,5
2302,6
2303,6
2304,6
2305,2
2306,7
2307,6
2308,6
2309,6
2310,7
2311,5
2312,6
2313,6
2314,7
2315,7
2316,6
2317,8
2318,5
2319,5
2320,4
2321,6
2322,7
2323,7
2324,6
2325,8
2326,7
2327,6
2328,5
2329,6
2330,4
2331,5
2332,7
2333,6
2334,8
2335,7
2336,6
2337,7
2338,6
2339,6
2340,8
2341,6
2342,6
2343,6
2344,7
2345,7
2346,6
2347,4
2348,3
2349,6
2350,4
2351,5
2352,6
2353,5
2354,6
2355,6
2356,6
2357,6
2358,4
2359,7
2360,6
2361,6
2362,6
2363,7
2364,6
2365,5
2366,7
2367,7
2368,7
2369,5
2370,6
2371,7
2372,7
2373,7
2374,7
2375,7
2376,6
2377,5
2378,5
2379,6
2380,7
2381,7
2382,6
2383,7
2384,6
2385,5
2386,6
2387,6
2388,6
2389,5
2390,4
2391,6
2392,7
2393,7
2394,7
2395,6
2396,7
2397,6
2398,8
2399,6
2400,6
2401,7
2402,6
2403,7
2404,4
2405,5
2406,6
2407,5
2408,4
2409,6
2410,6
2411,6
2412,7
2413,5
2414,6
2415,5
2416,6
2417,7
2418,6
2419,6
2420,7
2421,7
2422,7
2423,6
2424,7
2425,7
2426,6
2427,6
2428,5
2429,7
2430,2
2431,6
2432,5
2433,3
2434,6
2435,7
2436,5
2437,6
2438,6
2439,5
2440,7
2441,5
2442,5
2443,7
2444,7
2445,7
2446,7
2447,6
2448,6
2449,7
2450,6
2451,7
2452,6
2453,5
2454,7
2455,4
2456,4
2457,5
2458,6
2459,6
2460,5
2461,8
2462,5
2463,6
2464,7
2465,7
2466,6
2467,6
2468,5
2469,5
2470,6
2471,5
2472,6
2473,6
2474,5
2475,6
2476,6
2477,7
2478,6
2479,4
2480,7
2481,7
2482,6
2483,5
2484,7
2485,6
2486,8
2487,6
2488,7
2489,7
2490,5
2491,5
2492,5
2493,7
2494,5
2495,7
2496,6
2497,6
2498,7
2499,6
2500,5
2501,6
2502,7
2503,6
2504,6
2505,6
2506,7
2507,5
2508,6
2509,6
2510,7
2511,6
2512,6
2513,6
2514,7
2515,5
2516,6
2517,6
2518,6
2519,6
2520,6
2521,5
2522,6
2523,5
2524,5
2525,6
2526,7
2527,6
2528,6
2529,6
2530,5
2531,7
2532,6
2533,6
2534,7
2535,6
2536,6
2537,5
2538,7
2539,6
2540,7
2541,5
2542,8
2543,6
2544,7
2545,6
2546,5
2547,4
2548,7
2549,6
2550,6
2551,5
2552,6
2553,7
2554,5
2555,5
2556,6
2557,8
2558,5
2559,7
2560,6
2561,7
2562,8
2563,7
2564,6
2565,5
2566,7
2567,8
2568,7
2569,8
2570,6
2571,6
2572,6
2573,6
2574,7
2575,4
2576,7
2577,6
2578,6
2579,5
2580,7
2581,5
2582,7
2583,6
2584,7
2585,7
2586,5
2587,7
2588,7
2589,5
2590,7
2591,7
2592,6
2593,6
2594,6
2595,7
2596,6
2597,6
2598,6
2599,5
2600,6
2601,7
2602,4
2603,7
2604,7
2605,5
2606,5
2607,6
2608,7
2609,7
2610,6
2611,7
2612,5
2613,6
2614,8
2615,5
2616,7
2617,8
2618,7
2619,6
2620,7
2621,5
2622,6
2623,7
2624,6
2625,6
2626,7
2627,7
2628,6
2629,7
2630,6
2631,6
2632,4
2633,5
2634,6
2635,6
2636,6
2637,5
2638,6
2639,4
2640,7
2641,6
2642,7
2643,5
2644,7
2645,6
2646,7
2647,6
2648,7
2649,7
2650,5
2651,7
2652,8
2653,6
2654,5
2655,5
2656,5
2657,7
2658,6
2659,7
2660,8
2661,6
2662,6
2663,7
2664,6
2665,6
2666,7
2667,6
2668,7
2669,7
2670,5
2671,6
2672,7
2673,5
2674,5
2675,7
2676,7
2677,6
2678,5
2679,7
2680,6
2681,7
2682,7
2683,6
2684,5
2685,6
2686,7
2687,7
2688,6
2689,6
2690,5
2691,6
2692,4
2693,5
2694,5
2695,6
2696,6
2697,7
2698,7
2699,5
2700,6
2701,6
2702,6
2703,6
2704,6
2705,5
2706,7
2707,5
2708,7
2709,5
2710,3
2711,8
2712,5
2713,7
2714,6
2715,7
2716,7
2717,8
2718,8
2719,7
2720,7
2721,6
2722,4
2723,7
2724,6
2725,6
2726,7
2727,7
2728,4
2729,6
2730,6
2731,7
2732,7
2733,6
2734,6
2735,7
2736,8
2737,6
2738,6
2739,6
2740,6
2741,8
2742,7
2743,7
2744,5
2745,7
2746,7
2747,5
2748,6
2749,7
2750,6
2751,6
2752,6
2753,7
2754,6
2755,6
2756,6
2757,5
2758,7
2759,7
2760,7
2761,5
2762,6
2763,6
2764,6
2765,5
2766,6
2767,5
2768,4
2769,6
2770,8
2771,7
2772,7
2773,6
2774,7
2775,5
2776,8
2777,6
2778,6
2779,7
2780,5
2781,7
2782,6
2783,6
2784,6
2785,6
2786,6
2787,6
2788,5
2789,4
2790,7
2791,7
2792,2
2793,5
2794,8
2795,6
2796,6
2797,6
2798,6
2799,6
2800,5
2801,7
2802,7
2803,7
2804,7
2805,5
2806,6
2807,6
2808,7
2809,6
2810,8
2811,7
2812,6
2813,7
2814,5
2815,5
2816,6
2817,6
2818,4
2819,6
2820,6
2821,6
2822,6
2823,7
2824,7
2825,7
2826,5
2827,6
2828,6
2829,8
2830,7
2831,6
2832,6
2833,8
2834,5
2835,5
2836,7
2837,8
2838,6
2839,7
2840,2
2841,6
2842,8
2843,5
2844,7
2845,5
2846,6
2847,6
2848,7
2849,6
2850,8
2851,6
2852,7
2853,7
2854,6
2855,8
2856,6
2857,5
2858,6
2859,6
2860,8
2861,6
2862,6
2863,6
2864,7
2865,7
2866,7
2867,7
2868,4
2869,8
2870,6
2871,7
2872,7
2873,7
2874,6
2875,4
2876,6
2877,5
2878,7
2879,5
2880,6
2881,7
2882,5
2883,6
2884,6
2885,5
2886,6
2887,7
2888,5
2889,7
2890,5
2891,6
2892,7
2893,4
2894,5
2895,7
2896,4
2897,6
2898,6
2899,6
2900,6
2901,6
2902,6
2903,6
2904,5
2905,7
2906,3
2907,6
2908,6
2909,5
2910,6
2911,6
2912,8
2913,4
2914,7
2915,6
2916,5
2917,5
2918,7
2919,6
2920,5
2921,6
2922,5
2923,7
2924,7
2925,7
2926,8
2927,6
2928,5
2929,7
2930,5
2931,7
2932,4
2933,6
2934,3
2935,6
2936,7
2937,7
2938,6
2939,7
2940,6
2941,6
2942,6
2943,7
2944,6
2945,7
2946,6
2947,4
2948,6
2949,7
2950,7
2951,8
2952,6
2953,6
2954,5
2955,7
2956,7
2957,4
2958,6
2959,5
2960,7
2961,6
2962,6
2963,6
2964,6
2965,6
2966,6
2967,6
2968,6
2969,6
2970,6
2971,7
2972,7
2973,7
2974,5
2975,7
2976,5
2977,6
2978,7
2979,6
2980,5
2981,6
2982,2
2983,7
2984,6
2985,6
2986,6
2987,7
2988,6
2989,6
2990,5
2991,5
2992,5
2993,5
2994,5
2995,6
2996,6
2997,7
2998,7
2999,5
3000,7
3001,7
3002,6
3003,6
3004,5
3005,8
3006,5
3007,8
3008,8
3009,7
3010,5
3011,6
3012,7
3013,6
3014,6
3015,5
3016,6
3017,7
3018,4
3019,7
3020,6
3021,6
3022,6
3023,8
3024,6
3025,6
3026,3
3027,7
3028,7
3029,5
3030,5
3031,7
3032,7
3033,7
3034,7
3035,6
3036,7
3037,6
3038,4
3039,7
3040,4
3041,6
3042,7
3043,6
3044,7
3045,4
3046,5
3047,7
3048,3
3049,7
3050,6
3051,7
3052,4
3053,5
3054,7
3055,5
3056,6
3057,6
3058,6
3059,7
3060,6
3061,6
3062,7
3063,6
3064,6
3065,6
3066,7
3067,6
3068,7
3069,6
3070,7
3071,6
3072,6
3073,6
3074,7
3075,5
3076,7
3077,5
3078,6
3079,4
3080,5
3081,5
3082,7
3083,5
3084,5
3085,4
3086,6
3087,6
3088,7
3089,6
3090,5
3091,7
3092,7
3093,7
3094,6
3095,7
3096,6
3097,6
3098,3
3099,6
3100,6
3101,7
3102,6
3103,6
3104,7
3105,7
3106,7
3107,7
3108,5
3109,7
3110,7
3111,8
3112,6
3113,6
3114,7
3115,6
3116,7
3117,7
3118,6
3119,6
3120,7
3121,7
3122,4
3123,6
3124,5
3125,5
3126,7
3127,6
3128,5
3129,6
3130,5
3131,6
3132,5
3133,4
3134,7
3135,5
3136,6
3137,4
3138,7
3139,6
3140,7
3141,5
3142,7
3143,6
3144,7
3145,8
3146,6
3147,6
3148,8
3149,5
3150,5
3151,5
3152,5
3153,5
3154,7
3155,6
3156,7
3157,7
3158,6
3159,6
3160,6
3161,6
3162,5
3163,5
3164,7
3165,6
3166,8
3167,5
3168,6
3169,7
3170,5
3171,7
3172,6
3173,6
3174,6
3175,6
3176,5
3177,4
3178,6
3179,6
3180,7
3181,6
3182,7
3183,7
3184,6
3185,6
3186,7
3187,5
3188,6
3189,7
3190,7
3191,6
3192,6
3193,7
3194,7
3195,3
3196,6
3197,7
3198,7
3199,6
3200,6
3201,5
3202,7
3203,6
3204,6
3205,6
3206,6
3207,7
3208,6
3209,7
3210,5
3211,4
3212,6
3213,7
3214,5
3215,6
3216,7
3217,6
3218,7
3219,5
3220,4
3221,7
3222,7
3223,6
3224,6
3225,6
3226,7
3227,5
3228,7
3229,4
3230,5
3231,7
3232,5
3233,8
3234,6
3235,3
3236,6
3237,1
3238,7
3239,5
3240,7
3241,7
3242,5
3243,7
3244,7
3245,6
3246,7
3247,7
3248,6
3249,7
3250,6
3251,6
3252,7
3253,6
3254,5
3255,6
3256,6
3257,4
3258,7
3259,5
3260,6
3261,5
3262,7
3263,5
3264,7
3265,4
3266,7
3267,7
3268,7
3269,7
3270,8
3271,6
3272,7
3273,6
3274,5
3275,6
3276,5
3277,6
3278,6
3279,6
3280,6
3281,6
3282,6
3283,7
3284,5
3285,5
3286,5
3287,6
3288,5
3289,6
3290,6
3291,6
3292,6
3293,6
3294,6
3295,6
3296,6
3297,7
3298,7
3299,7
3300,5
3301,7
3302,7
3303,4
3304,5
3305,7
3306,6
3307,6
3308,6
3309,2
3310,5
3311,7
3312,5
3313,5
3314,4
3315,7
3316,3
3317,6
3318,6
3319,5
3320,7
3321,8
3322,6
3323,4
3324,5
3325,5
3326,6
3327,6
3328,6
3329,6
3330,6
3331,4
3332,6
3333,6
3334,6
3335,7
3336,6
3337,6
3338,5
3339,6
3340,7
3341,6
3342,5
3343,8
3344,4
3345,7
3346,4
3347,5
3348,8
3349,7
3350,4
3351,7
3352,5
3353,7
3354,6
3355,6
3356,7
3357,7
3358,6
3359,4
3360,4
3361,7
3362,6
3363,5
3364,8
3365,7
3366,5
3367,5
3368,8
3369,5
3370,4
3371,6
3372,6
3373,7
3374,5
3375,6
3376,6
3377,6
3378,5
3379,6
3380,6
3381,7
3382,4
3383,5
3384,6
3385,7
3386,6
3387,5
3388,6
3389,6
3390,5
3391,7
3392,7
3393,7
3394,6
3395,5
3396,6
3397,7
3398,6
3399,6
3400,5
3401,5
3402,3
3403,7
3404,6
3405,6
3406,7
3407,4
3408,6
3409,6
3410,4
3411,7
3412,7
3413,5
3414,7
3415,6
3416,6
3417,6
3418,5
3419,2
3420,7
3421,3
3422,7
3423,7
3424,4
3425,7
3426,1
3427,6
3428,7
3429,7
3430,7
3431,6
3432,5
3433,7
3434,3
3435,5
3436,6
3437,7
3438,5
3439,6
3440,5
3441,6
3442,6
3443,8
3444,7
3445,6
3446,5
3447,7
3448,6
3449,6
3450,7
3451,5
3452,6
3453,6
3454,7
3455,7
3456,7
3457,5
3458,6
3459,7
3460,6
3461,6
3462,6
3463,6
3464,6
3465,6
3466,5
3467,5
3468,6
3469,5
3470,3
3471,7
3472,6
3473,5
3474,7
3475,6
3476,6
3477,5
3478,7
3479,7
3480,5
3481,6
3482,8
3483,5
3484,7
3485,6
3486,8
3487,5
3488,6
3489,6
3490,6
3491,6
3492,6
3493,7
3494,5
3495,5
3496,6
3497,6
3498,7
3499,7
3500,7
3501,6
3502,7
3503,5
3504,5
3505,7
3506,5
3507,5
3508,7
3509,7
3510,5
3511,6
3512,5
3513,4
3514,7
3515,5
3516,6
3517,6
3518,6
3519,6
3520,6
3521,3
3522,7
3523,7
3524,7
3525,6
3526,7
3527,7
3528,7
3529,6
3530,6
3531,7
3532,8
3533,7
3534,6
3535,4
3536,6
3537,5
3538,7
3539,6
3540,6
3541,7
3542,7
3543,6
3544,6
3545,7
3546,6
3547,8
3548,7
3549,6
3550,8
3551,7
3552,6
3553,7
3554,4
3555,8
3556,6
3557,6
3558,6
3559,6
3560,6
3561,7
3562,5
3563,5
3564,6
3565,7
3566,6
3567,6
3568,8
3569,7
3570,6
3571,4
3572,7
3573,6
3574,5
3575,5
3576,5
3577,5
3578,6
3579,5
3580,6
3581,5
3582,5
3583,6
3584,5
3585,4
3586,6
3587,7
3588,6
3589,5
3590,5
3591,4
3592,5
3593,8
3594,6
3595,6
3596,6
3597,7
3598,5
3599,7
3600,7
3601,6
3602,7
3603,3
3604,5
3605,8
3606,6
3607,6
3608,7
3609,5
3610,5
3611,7
3612,6
3613,3
3614,7
3615,5
3616,7
3617,6
3618,6
3619,5
3620,5
3621,6
3622,5
3623,7
3624,5
3625,6
3626,5
3627,7
3628,7
3629,5
3630,6
3631,6
3632,5
3633,6
3634,5
3635,7
3636,7
3637,7
3638,6
3639,7
3640,7
3641,6
3642,7
3643,5
3644,6
3645,6
3646,6
3647,6
3648,7
3649,6
3650,6
3651,6
3652,5
3653,7
3654,6
3655,3
3656,6
3657,6
3658,3
3659,6
3660,5
3661,7
3662,5
3663,7
3664,6
3665,5
3666,8
3667,7
3668,6
3669,5
3670,5
3671,7
3672,6
3673,7
3674,7
3675,6
3676,7
3677,4
3678,6
3679,5
3680,6
3681,6
3682,7
3683,4
3684,8
3685,7
3686,7
3687,6
3688,5
3689,5
3690,7
3691,5
3692,8
3693,6
3694,8
3695,6
3696,6
3697,7
3698,5
3699,5
3700,7
3701,6
3702,8
3703,6
3704,6
3705,6
3706,6
3707,7
3708,5
3709,6
3710,6
3711,6
3712,4
3713,6
3714,6
3715,7
3716,6
3717,6
3718,7
3719,7
3720,7
3721,6
3722,7
3723,7
3724,6
3725,7
3726,3
3727,5
3728,3
3729,6
3730,6
3731,5
3732,5
3733,7
3734,7
3735,7
3736,7
3737,7
3738,6
3739,6
3740,4
3741,8
3742,6
3743,6
3744,6
3745,5
3746,7
3747,7
3748,7
3749,5
3750,7
3751,6
3752,6
3753,7
3754,6
3755,4
3756,6
3757,4
3758,5
3759,7
3760,6
3761,6
3762,5
3763,7
3764,7
3765,7
3766,5
3767,7
3768,8
3769,6
3770,7
3771,4
3772,4
3773,7
3774,7
3775,5
3776,4
3777,6
3778,7
3779,7
3780,7
3781,7
3782,6
3783,7
3784,5
3785,8
3786,7
3787,8
3788,9
3789,5
3790,7
3791,5
3792,5
3793,7
3794,7
3795,5
3796,6
3797,6
3798,5
3799,4
3800,6
3801,6
3802,7
3803,6
3804,5
3805,5
3806,6
3807,4
3808,7
3809,7
3810,6
3811,5
3812,6
3813,5
3814,6
3815,4
3816,6
3817,8
3818,5
3819,7
3820,6
3821,7
3822,7
3823,6
3824,6
3825,6
3826,7
3827,7
3828,7
3829,5
3830,7
3831,7
3832,6
3833,6
3834,4
3835,6
3836,7
3837,5
3838,6
3839,5
3840,7
3841,6
3842,6
3843,6
3844,6
3845,7
3846,7
3847,6
3848,6
3849,5
3850,6
3851,6
3852,7
3853,5
3854,6
3855,6
3856,7
3857,5
3858,6
3859,4
3860,7
3861,7
3862,6
3863,7
3864,7
3865,4
3866,6
3867,8
3868,6
3869,7
3870,7
3871,1
3872,5
3873,5
3874,6
3875,6
3876,7
3877,7
3878,6
3879,6
3880,6
3881,7
3882,7
3883,6
3884,7
3885,5
3886,7
3887,7
3888,7
3889,7
3890,5
3891,6
3892,7
3893,6
3894,4
3895,7
3896,7
3897,6
3898,4
3899,7
3900,7
3901,6
3902,7
3903,6
3904,7
3905,7
3906,7
3907,7
3908,4
3909,6
3910,7
3911,7
3912,8
3913,3
3914,7
3915,5
3916,7
3917,5
3918,6
3919,6
3920,5
3921,7
3922,6
3923,8
3924,6
3925,5
3926,5
3927,6
3928,6
3929,7
3930,7
3931,6
3932,3
3933,7
3934,5
3935,6
3936,6
3937,6
3938,6
3939,6
3940,6
3941,2
3942,7
3943,6
3944,6
3945,7
3946,6
3947,5
3948,6
3949,7
3950,6
3951,6
3952,6
3953,6
3954,6
3955,5
3956,7
3957,6
3958,6
3959,6
3960,6
3961,4
3962,7
3963,6
3964,6
3965,5
3966,6
3967,7
3968,7
3969,6
3970,7
3971,5
3972,6
3973,6
3974,7
3975,7
3976,4
3977,8
3978,7
3979,8
3980,7
3981,5
3982,8
3983,7
3984,6
3985,6
3986,5
3987,7
3988,5
3989,6
3990,6
3991,7
3992,7
3993,6
3994,6
3995,7
3996,6
3997,6
3998,6
3999,5
4000,7
4001,5
4002,6
4003,6
4004,5
4005,6
4006,4
4007,7
4008,6
4009,6
4010,7
4011,6
4012,6
4013,3
4014,7
4015,5
4016,7
4017,5
4018,7
4019,6
4020,7
4021,1
4022,8
4023,6
4024,7
4025,5
4026,5
4027,6
4028,7
4029,6
4030,5
4031,7
4032,7
4033,7
4034,5
4035,6
4036,6
4037,4
4038,7
4039,7
4040,7
4041,6
4042,5
4043,4
4044,4
4045,5
4046,7
4047,6
4048,6
4049,6
4050,7
4051,5
4052,7
4053,8
4054,7
4055,6
4056,6
4057,7
4058,6
4059,6
4060,6
4061,7
4062,5
4063,7
4064,6
4065,7
4066,7
4067,8
4068,7
4069,5
4070,6
4071,7
4072,3
4073,5
4074,6
4075,7
4076,5
4077,6
4078,7
4079,5
4080,5
4081,6
4082,7
4083,7
4084,5
4085,8
4086,5
4087,7
4088,5
4089,6
4090,6
4091,5
4092,6
4093,6
4094,4
4095,5
4096,6
4097,7
4098,5
4099,6
4100,5
4101,6
4102,5
4103,4
4104,6
4105,6
4106,7
4107,5
4108,7
4109,5
4110,7
4111,6
4112,6
4113,6
4114,6
4115,7
4116,7
4117,4
4118,5
4119,7
4120,6
4121,6
4122,6
4123,4
4124,5
4125,6
4126,6
4127,6
4128,6
4129,6
4130,6
4131,6
4132,5
4133,4
4134,6
4135,6
4136,4
4137,7
4138,4
4139,6
4140,7
4141,6
4142,7
4143,6
4144,6
4145,6
4146,6
4147,5
4148,7
4149,6
4150,6
4151,4
4152,3
4153,6
4154,7
4155,6
4156,7
4157,6
4158,6
4159,6
4160,7
4161,5
4162,4
4163,6
4164,6
4165,5
4166,6
4167,7
4168,6
4169,6
4170,7
4171,7
4172,6
4173,8
4174,5
4175,7
4176,7
4177,7
4178,7
4179,7
4180,6
4181,7
4182,6
4183,6
4184,7
4185,7
4186,5
4187,6
4188,6
4189,6
4190,5
4191,7
4192,7
4193,4
4194,7
4195,5
4196,7
4197,8
4198,7
4199,7
4200,6
4201,5
4202,4
4203,6
4204,7
4205,5
4206,5
4207,6
4208,5
4209,6
4210,5
4211,8
4212,6
4213,6
4214,5
4215,7
4216,5
4217,6
4218,5
4219,5
4220,6
4221,7
4222,7
4223,6
4224,7
4225,6
4226,6
4227,6
4228,7
4229,4
4230,6
4231,6
4232,7
4233,6
4234,4
4235,7
4236,7
4237,6
4238,3
4239,5
4240,6
4241,6
4242,6
4243,7
4244,6
4245,6
4246,6
4247,6
4248,7
4249,6
4250,7
4251,5
4252,6
4253,6
4254,7
4255,6
4256,7
4257,6
4258,8
4259,6
4260,6
4261,6
4262,6
4263,5
4264,6
4265,7
4266,5
4267,7
4268,6
4269,5
4270,7
4271,7
4272,6
4273,5
4274,7
4275,5
4276,7
4277,7
4278,6
4279,7
4280,7
4281,6
4282,6
4283,5
4284,6
4285,6
4286,5
4287,5
4288,6
4289,7
4290,7
4291,7
4292,5
4293,6
4294,5
4295,7
4296,7
4297,5
4298,7
4299,5
4300,6
4301,7
4302,7
4303,7
4304,6
4305,7
4306,7
4307,6
4308,7
4309,6
4310,6
4311,5
4312,6
4313,8
4314,7
4315,4
4316,4
4317,7
4318,8
4319,6
4320,7
4321,6
4322,6
4323,6
4324,6
4325,6
4326,3
4327,6
4328,7
4329,7
4330,7
4331,6
4332,5
4333,7
4334,6
4335,7
4336,8
4337,7
4338,6
4339,4
4340,5
4341,6
4342,6
4343,6
4344,6
4345,6
4346,5
4347,5
4348,7
4349,6
4350,5
4351,7
4352,8
4353,7
4354,4
4355,5
4356,7
4357,7
4358,6
4359,6
4360,4
4361,7
4362,7
4363,7
4364,6
4365,7
4366,6
4367,7
4368,7
4369,7
4370,5
4371,7
4372,6
4373,5
4374,8
4375,7
4376,6
4377,3
4378,6
4379,8
4380,6
4381,3
4382,5
4383,6
4384,7
4385,7
4386,6
4387,5
4388,5
4389,7
4390,5
4391,5
4392,6
4393,6
4394,6
4395,5
4396,6
4397,6
4398,5
4399,4
4400,7
4401,6
4402,8
4403,7
4404,6
4405,5
4406,6
4407,5
4408,6
4409,6
4410,7
4411,6
4412,6
4413,6
4414,6
4415,6
4416,6
4417,8
4418,5
4419,8
4420,7
4421,6
4422,5
4423,4
4424,8
4425,6
4426,7
4427,6
4428,6
4429,6
4430,7
4431,7
4432,3
4433,5
4434,5
4435,7
4436,7
4437,5
4438,6
4439,6
4440,6
4441,7
4442,6
4443,3
4444,8
4445,5
4446,6
4447,7
4448,5
4449,6
4450,5
4451,5
4452,6
4453,6
4454,5
4455,5
4456,4
4457,8
4458,7
4459,6
4460,6
4461,6
4462,4
4463,7
4464,5
4465,6
4466,7
4467,6
4468,6
4469,7
4470,4
4471,7
4472,6
4473,7
4474,7
4475,6
4476,6
4477,6
4478,7
4479,7
4480,5
4481,6
4482,6
4483,5
4484,2
4485,7
4486,7
4487,7
4488,6
4489,5
4490,4
4491,6
4492,7
4493,6
4494,2
4495,8
4496,7
4497,4
4498,6
4499,5
4500,7
4501,7
4502,6
4503,6
4504,6
4505,7
4506,4
4507,6
4508,5
4509,5
4510,6
4511,6
4512,7
4513,5
4514,4
4515,7
4516,7
4517,6
4518,6
4519,7
4520,5
4521,3
4522,8
4523,7
4524,7
4525,5
4526,7
4527,7
4528,7
4529,5
4530,4
4531,6
4532,6
4533,6
4534,7
4535,6
4536,6
4537,7
4538,5
4539,6
4540,7
4541,8
4542,7
4543,6
4544,5
4545,5
4546,7
4547,6
4548,7
4549,6
4550,5
4551,8
4552,6
4553,6
4554,7
4555,7
4556,7
4557,7
4558,7
4559,7
4560,8
4561,5
4562,7
4563,5
4564,5
4565,6
4566,7
4567,5
4568,2
4569,5
4570,7
4571,6
4572,6
4573,6
4574,6
4575,8
4576,6
4577,5
4578,6
4579,6
4580,6
4581,7
4582,6
4583,7
4584,7
4585,6
4586,6
4587,6
4588,7
4589,5
4590,5
4591,7
4592,7
4593,5
4594,7
4595,5
4596,8
4597,6
4598,7
4599,5
4600,6
4601,4
4602,6
4603,7
4604,6
4605,6
4606,5
4607,5
4608,5
4609,7
4610,6
4611,7
4612,7
4613,6
4614,6
4615,5
4616,8
4617,6
4618,5
4619,7
4620,5
4621,6
4622,7
4623,6
4624,5
4625,7
4626,6
4627,6
4628,6
4629,6
4630,8
4631,7
4632,5
4633,7
4634,5
4635,6
4636,4
4637,7
4638,6
4639,6
4640,6
4641,5
4642,7
4643,5
4644,5
4645,5
4646,7
4647,6
4648,7
4649,8
4650,4
4651,3
4652,6
4653,7
4654,7
4655,6
4656,6
4657,6
4658,5
4659,6
4660,6
4661,8
4662,7
4663,6
4664,7
4665,6
4666,5
4667,5
4668,6
4669,5
4670,5
4671,5
4672,6
4673,6
4674,7
4675,6
4676,7
4677,8
4678,4
4679,8
4680,7
4681,7
4682,6
4683,6
4684,5
4685,7
4686,8
4687,6
4688,6
4689,7
4690,6
4691,6
4692,4
4693,7
4694,7
4695,6
4696,5
4697,7
4698,5
4699,5
4700,6
4701,7
4702,6
4703,7
4704,6
4705,6
4706,6
4707,7
4708,6
4709,6
4710,6
4711,7
4712,7
4713,3
4714,5
4715,7
4716,8
4717,5
4718,6
4719,7
4720,4
4721,6
4722,6
4723,6
4724,7
4725,6
4726,7
4727,8
4728,7
4729,6
4730,6
4731,4
4732,7
4733,6
4734,5
4735,5
4736,6
4737,7
4738,8
4739,6
4740,6
4741,6
4742,7
4743,6
4744,6
4745,5
4746,5
4747,7
4748,7
4749,6
4750,7
4751,6
4752,7
4753,7
4754,5
4755,5
4756,7
4757,7
4758,5
4759,5
4760,7
4761,7
4762,7
4763,4
4764,7
4765,6
4766,5
4767,7
4768,6
4769,7
4770,6
4771,6
4772,7
4773,6
4774,6
4775,7
4776,7
4777,6
4778,6
4779,4
4780,5
4781,5
4782,6
4783,6
4784,6
4785,6
4786,6
4787,7
4788,6
4789,3
4790,7
4791,5
4792,6
4793,7
4794,5
4795,6
4796,6
4797,8
4798,7
4799,4
4800,6
4801,7
4802,5
4803,6
4804,6
4805,6
4806,6
4807,5
4808,6
4809,6
4810,6
4811,7
4812,5
4813,6
4814,6
4815,7
4816,6
4817,6
4818,5
4819,5
4820,6
4821,5
4822,7
4823,6
4824,5
4825,5
4826,5
4827,5
4828,7
4829,7
4830,4
4831,6
4832,7
4833,5
4834,7
4835,6
4836,4
4837,6
4838,6
4839,5
4840,7
4841,6
4842,6
4843,6
4844,6
4845,7
4846,6
4847,6
4848,6
4849,4
4850,5
4851,5
4852,7
4853,6
4854,4
4855,5
4856,7
4857,5
4858,7
4859,6
4860,5
4861,3
4862,6
4863,4
4864,6
4865,6
4866,7
4867,6
4868,5
4869,5
4870,5
4871,6
4872,7
4873,8
4874,7
4875,6
4876,7
4877,4
4878,6
4879,6
4880,6
4881,6
4882,7
4883,7
4884,5
4885,5
4886,6
4887,7
4888,7
4889,6
4890,4
4891,6
4892,6
4893,5
4894,7
4895,7
4896,8
4897,5
4898,5
4899,5
4900,6
4901,7
4902,5
4903,7
4904,7
4905,6
4906,6
4907,7
4908,6
4909,7
4910,6
4911,7
4912,5
4913,4
4914,6
4915,6
4916,6
4917,6
4918,7
4919,4
4920,7
4921,4
4922,8
4923,6
4924,4
4925,7
4926,6
4927,6
4928,6
4929,7
4930,4
4931,7
4932,7
4933,6
4934,5
4935,5
4936,6
4937,8
4938,6
4939,5
4940,4
4941,6
4942,6
4943,7
4944,6
4945,5
4946,7
4947,6
4948,7
4949,6
4950,7
4951,3
4952,7
4953,7
4954,4
4955,4
4956,6
4957,8
4958,5
4959,7
4960,6
4961,6
4962,6
4963,6
4964,5
4965,6
4966,7
4967,5
4968,6
4969,6
4970,4
4971,7
4972,5
4973,8
4974,6
4975,7
4976,7
4977,6
4978,7
4979,5
4980,7
4981,7
4982,6
4983,7
4984,6
4985,5
4986,7
4987,6
4988,5
4989,6
4990,6
4991,6
4992,6
4993,6
4994,6
4995,7
4996,5
4997,8
4998,7
4999,7
